Designator,Val,Package,Mid X,Mid Y,Rotation,Layer
C1,0.1uF,C_0402,2.75,2.499999,0,bottom
C10,0.1uF,C_0402,17.977884,-30.509073,225,bottom
C100,4.7nF,C_0402,269.2,0.75,90,bottom
C101,0.1uF,C_0402,140.375,-18.3,90,bottom
C102,0.1uF,C_0402,159.425,-18.3,90,bottom
C103,0.1uF,C_0603,80.899999,-5.08,270,bottom
C104,0.1uF,C_0603,4.699999,-5.08,270,bottom
C105,0.1uF,C_0402,178.475,-18.3,90,bottom
C106,4.7nF,C_0402,288.25,0.75,90,bottom
C107,4.7nF,C_0402,243.00625,-56.4,90,bottom
C108,4.7nF,C_0402,269.2,-56.4,90,bottom
C109,4.7nF,C_0402,288.25,-56.4,90,bottom
C11,1uF,C_0402,23.054024,-37.565113,315,bottom
C110,0.1uF,C_0603,99.949999,-5.08,270,bottom
C111,0.1uF,C_0402,197.525,-18.3,90,bottom
C112,0.1uF,C_0402,216.575,-18.3,90,bottom
C113,0.1uF,C_0402,252.29375,-37.35,90,bottom
C114,0.1uF,C_0402,235.625,-18.3,90,bottom
C115,0.1uF,C_0402,259.4375,-18.3,90,bottom
C116,0.1uF,C_0402,283.25,-18.3,90,bottom
C117,0.1uF,C_0402,2.2625,-18.3,90,bottom
C118,0.1uF,C_0402,283.25,-37.35,90,bottom
C119,0.1uF,C_0402,221.3375,-37.35,90,bottom
C120,0.1uF,C_0402,202.2875,-37.35,90,bottom
C121,0.1uF,C_0402,183.2375,-37.35,90,bottom
C122,0.1uF,C_0402,49.8875,-37.35,90,bottom
C123,0.1uF,C_0402,164.1875,-37.35,90,bottom
C124,0.1uF,C_0402,145.1375,-37.35,90,bottom
C125,0.1uF,C_0402,126.0875,-37.35,90,bottom
C126,0.1uF,C_0402,107.0375,-37.35,90,bottom
C127,0.1uF,C_0402,30.8375,-37.35,90,bottom
C128,0.1uF,C_0402,68.9375,-37.35,90,bottom
C129,0.1uF,C_0402,87.9875,-37.35,90,bottom
C13,0.1uF,C_0402,22.361946,-36.873034,315,bottom
C130,0.1uF,C_0402,4.64375,-37.35,90,bottom
C131,0.1uF,C_0402,9.40625,-56.4,90,bottom
C132,0.1uF,C_0402,-0.11875,-56.4,90,bottom
C133,0.1uF,C_0402,40.3625,-56.4,90,bottom
C134,0.1uF,C_0402,238.00625,-56.4,90,bottom
C135,0.1uF,C_0402,264.2,-56.4,90,bottom
C136,0.1uF,C_0402,211.8125,-56.4,90,bottom
C137,0.1uF,C_0402,192.7625,-56.4,90,bottom
C138,0.1uF,C_0402,173.7125,-56.4,90,bottom
C139,0.1uF,C_0402,154.6625,-56.4,90,bottom
C14,10uF,C_0402,1.7625,-13.496875,180,bottom
C140,0.1uF,C_0402,135.6125,-56.4,90,bottom
C141,0.1uF,C_0402,59.4125,-56.4,90,bottom
C142,0.1uF,C_0402,78.4625,-56.4,90,bottom
C143,0.1uF,C_0402,97.5125,-56.4,90,bottom
C144,0.1uF,C_0402,116.5625,-56.4,90,bottom
C145,0.1uF,C_0402,283.25,-56.4,90,bottom
C146,0.1uF,C_0402,21.3125,-56.4,90,bottom
C147,0.1uF,C_0402,-0.61875,-74.45,180,bottom
C148,0.1uF,C_0402,23.19375,-74.45,180,bottom
C149,0.1uF,C_0402,47.00625,-74.45,180,bottom
C15,4.7nF,C_0402,259.675,0.75,90,bottom
C150,0.1uF,C_0603,118.999999,-5.08,270,bottom
C151,0.1uF,C_0402,233.4,-32.635938,0,bottom
C152,0.1uF,C_0402,200.0625,-32.635938,0,bottom
C153,0.1uF,C_0402,118.94375,-75.45,90,bottom
C154,0.1uF,C_0402,161.9625,-32.635938,0,bottom
C155,0.1uF,C_0402,85.7625,-32.635938,0,bottom
C157,0.1uF,C_0402,190.38125,-75.45,90,bottom
C158,0.1uF,C_0402,211.3125,-74.45,180,bottom
C159,0.1uF,C_0402,245.15,-75.45,90,bottom
C16,4.7nF,C_0402,2.5,0.75,90,bottom
C160,0.1uF,C_0402,264.2,-75.45,90,bottom
C161,0.1uF,C_0402,283.25,-75.45,90,bottom
C162,0.1uF,C_0603,138.049999,-5.08,270,bottom
C163,0.1uF,C_0402,130.85,-75.45,90,bottom
C165,0.1uF,C_0402_1005Metric,7.3625,-14.096875,90,bottom
C166,0.1uF,C_0603,157.099999,-5.08,270,bottom
C167,0.1uF,C_0603,176.149999,-5.08,270,bottom
C168,4.7nF,C_0402,14.40625,-56.4,90,bottom
C169,4.7nF,C_0402,12.0125,-77.05,0,bottom
C17,4.7nF,C_0402,7.2625,-18.3,90,bottom
C170,4.7nF,C_0402,35.825,-77.05,0,bottom
C171,4.7nF,C_0402,59.6375,-77.05,0,bottom
C172,4.7nF,C_0402,250.15,-75.45,90,bottom
C173,4.7nF,C_0402,269.2,-75.45,90,bottom
C174,4.7nF,C_0402,288.25,-75.45,90,bottom
C175,4.7nF,C_0402,195.38125,-75.45,90,bottom
C176,4.7nF,C_0402,223.94375,-77.05,0,bottom
C177,4.7nF,C_0402,135.85,-75.45,90,bottom
C178,4.7nF,C_0402,123.94375,-75.45,90,bottom
C179,0.1uF,C_0603,195.199999,-5.08,270,bottom
C18,4.7nF,C_0402,9.64375,-37.35,90,bottom
C180,0.1uF,C_0603,214.249999,-5.08,270,bottom
C181,0.1uF,C_0603,233.299999,-5.08,270,bottom
C182,0.1uF,C_0603,252.349999,-5.08,270,bottom
C183,0.1uF,C_0603,261.874999,-5.08,270,bottom
C184,4.7nF,C_0402,288.25,-18.3,90,bottom
C185,4.7nF,C_0402,288.25,-37.35,90,bottom
C186,0.1uF,C_0603,271.399999,-5.08,270,bottom
C187,0.1uF,C_0603,290.449999,-5.08,270,bottom
C188,0.1uF,C_0603,0.062501,-24.129999,90,bottom
C189,0.1uF,C_0603,23.875001,-24.129999,90,bottom
C19,4.7nF,C_0402,4.88125,-56.4,90,bottom
C190,0.1uF,C_0603,42.925001,-24.129999,90,bottom
C191,0.1uF,C_0603,61.975001,-24.129999,90,bottom
C192,0.1uF,C_0603,81.025001,-24.129999,90,bottom
C193,0.1uF,C_0603,100.075001,-24.129999,90,bottom
C194,0.1uF,C_0603,119.125001,-24.129999,90,bottom
C195,0.1uF,C_0603,138.175001,-24.129999,90,bottom
C196,0.1uF,C_0603,157.225001,-24.129999,90,bottom
C197,0.1uF,C_0603,176.275001,-24.129999,90,bottom
C198,0.1uF,C_0603,195.325001,-24.129999,90,bottom
C199,0.1uF,C_0603,214.375001,-24.129999,90,bottom
C2,0.1uF,C_0402,9.5625,-32.635938,0,bottom
C20,10uF,C_0402,1.7625,-12.496875,180,bottom
C200,0.1uF,C_0603,233.425001,-24.129999,90,bottom
C201,0.1uF,C_0603,257.237501,-24.129999,90,bottom
C202,0.1uF,C_0603,281.050001,-24.129999,90,bottom
C203,0.1uF,C_0603,11.843749,-43.18,270,bottom
C204,0.1uF,C_0603,-2.318749,-62.229999,90,bottom
C205,0.1uF,C_0603,38.037499,-43.18,270,bottom
C206,0.1uF,C_0603,7.206251,-62.229999,90,bottom
C207,0.1uF,C_0603,57.087499,-43.18,270,bottom
C208,0.1uF,C_0603,19.112501,-62.229999,90,bottom
C209,0.1uF,C_0603,76.137499,-43.18,270,bottom
C21,10uF,C_0402,51.95,-8.284344,270,bottom
C210,0.1uF,C_0603,38.162501,-62.229999,90,bottom
C211,0.1uF,C_0603,95.187499,-43.18,270,bottom
C212,0.1uF,C_0603,57.212501,-62.229999,90,bottom
C213,0.1uF,C_0603,114.237499,-43.18,270,bottom
C214,0.1uF,C_0603,76.262501,-62.229999,90,bottom
C215,0.1uF,C_0603,133.287499,-43.18,270,bottom
C216,0.1uF,C_0603,95.312501,-62.229999,90,bottom
C217,0.1uF,C_0603,152.337499,-43.18,270,bottom
C218,0.1uF,C_0603,114.362501,-62.229999,90,bottom
C219,0.1uF,C_0603,171.387499,-43.18,270,bottom
C22,4.7nF,C_0402,21.55,0.75,90,bottom
C220,0.1uF,C_0603,133.412501,-62.229999,90,bottom
C221,0.1uF,C_0603,190.437499,-43.18,270,bottom
C222,0.1uF,C_0603,152.462501,-62.229999,90,bottom
C223,0.1uF,C_0603,209.487499,-43.18,270,bottom
C224,0.1uF,C_0603,171.512501,-62.229999,90,bottom
C225,0.1uF,C_0603,228.537499,-43.18,270,bottom
C226,0.1uF,C_0603,190.562501,-62.229999,90,bottom
C227,0.1uF,C_0603,259.493749,-43.18,270,bottom
C228,0.1uF,C_0603,209.612501,-62.229999,90,bottom
C229,0.1uF,C_0603,290.449999,-43.18,270,bottom
C23,4.7nF,C_0402,31.075,-18.3,90,bottom
C230,0.1uF,C_0603,235.806251,-62.229999,90,bottom
C231,0.1uF,C_0603,281.050001,-62.229999,90,bottom
C232,0.1uF,C_0603,262.000001,-62.229999,90,bottom
C233,0.1uF,C_0603,8.271874,-81.28,270,bottom
C234,0.1uF,C_0603,32.084374,-81.28,270,bottom
C235,0.1uF,C_0603,55.896874,-81.28,270,bottom
C236,0.1uF,C_0603,126.143749,-81.28,270,bottom
C237,0.1uF,C_0603,138.049999,-81.28,270,bottom
C238,0.1uF,C_0603,197.581249,-80.28,270,bottom
C239,0.1uF,C_0603,220.203124,-81.28,270,bottom
C24,4.7nF,C_0402,35.8375,-37.35,90,bottom
C240,0.1uF,C_0603,252.349999,-81.28,270,bottom
C241,0.1uF,C_0603,271.399999,-81.28,270,bottom
C242,0.1uF,C_0603,290.449999,-81.28,270,bottom
C25,10uF,C_0402,51.95,-11.484344,90,bottom
C26,10uF,C_0402,35.7,-9.884344,90,bottom
C27,0.1uF,C_0402,16.55,0.75,90,bottom
C28,4.7nF,C_0402,40.6,0.75,90,bottom
C29,4.7nF,C_0402,50.125,-18.3,90,bottom
C3,0.1uF,C_0402,284.35875,-51.785938,0,bottom
C30,4.7nF,C_0402,54.8875,-37.35,90,bottom
C31,4.7nF,C_0402,26.3125,-56.4,90,bottom
C32,10uF,C_0402,35.7,-12.284344,270,bottom
C33,0.1uF,C_0402,35.6,0.75,90,bottom
C34,4.7nF,C_0402,59.65,0.75,90,bottom
C35,4.7nF,C_0402,69.175,-18.3,90,bottom
C36,4.7nF,C_0402,73.9375,-37.35,90,bottom
C37,4.7nF,C_0402,45.3625,-56.4,90,bottom
C38,0.1uF,C_0402,54.65,0.75,90,bottom
C39,0.1uF,C_0402,73.7,0.75,90,bottom
C4,0.1uF,C_0402,233.4,-51.785938,0,bottom
C40,4.7nF,C_0402,78.7,0.75,90,bottom
C41,4.7nF,C_0402,88.225,-18.3,90,bottom
C42,4.7nF,C_0402,92.9875,-37.35,90,bottom
C43,4.7nF,C_0402,64.4125,-56.4,90,bottom
C44,0.1uF,C_0402,92.75,0.75,90,bottom
C45,0.1uF,C_0402,111.8,0.75,90,bottom
C46,4.7nF,C_0402,97.75,0.75,90,bottom
C47,4.7nF,C_0402,107.275,-18.3,90,bottom
C48,4.7nF,C_0402,112.0375,-37.35,90,bottom
C49,4.7nF,C_0402,83.4625,-56.4,90,bottom
C5,0.1uF,C_0402,123.8625,-32.635938,0,bottom
C50,0.1uF,C_0603,23.749999,-5.08,270,bottom
C51,0.1uF,C_0402,-2.5,0.75,90,bottom
C52,4.7nF,C_0402,116.8,0.75,90,bottom
C53,4.7nF,C_0402,126.325,-18.3,90,bottom
C54,4.7nF,C_0402,131.0875,-37.35,90,bottom
C55,4.7nF,C_0402,102.5125,-56.4,90,bottom
C56,0.1uF,C_0402,254.675,0.75,90,bottom
C57,0.1uF,C_0402,130.85,0.75,90,bottom
C58,4.7nF,C_0402,135.85,0.75,90,bottom
C59,4.7nF,C_0402,145.375,-18.3,90,bottom
C6,0.1uF,C_0402,47.6625,-32.635938,0,bottom
C60,4.7nF,C_0402,150.1375,-37.35,90,bottom
C61,4.7nF,C_0402,121.5625,-56.4,90,bottom
C62,0.1uF,C_0603,42.799999,-5.08,270,bottom
C63,0.1uF,C_0402,149.9,0.75,90,bottom
C64,4.7nF,C_0402,154.9,0.75,90,bottom
C65,4.7nF,C_0402,164.425,-18.3,90,bottom
C66,4.7nF,C_0402,169.1875,-37.35,90,bottom
C67,4.7nF,C_0402,140.6125,-56.4,90,bottom
C68,0.1uF,C_0402,168.95,0.75,90,bottom
C69,0.1uF,C_0402,188,0.75,90,bottom
C7,10uF,C_0402,7.3625,-10.096875,270,bottom
C70,4.7nF,C_0402,173.95,0.75,90,bottom
C71,4.7nF,C_0402,183.475,-18.3,90,bottom
C72,4.7nF,C_0402,188.2375,-37.35,90,bottom
C73,4.7nF,C_0402,159.6625,-56.4,90,bottom
C74,0.1uF,C_0402,207.05,0.75,90,bottom
C75,0.1uF,C_0402,245.15,0.75,90,bottom
C76,0.1uF,C_0402,193,0.75,90,bottom
C77,0.1uF,C_0402,202.525,-18.3,90,bottom
C78,0.1uF,C_0402,207.2875,-37.35,90,bottom
C79,4.7nF,C_0402,178.7125,-56.4,90,bottom
C8,4.7uF,C_0402,16.6,-29.1,225,bottom
C80,0.1uF,C_0402,226.1,0.75,90,bottom
C81,0.1uF,C_0402,264.2,0.75,90,bottom
C82,0.1uF,C_0402,212.05,0.75,90,bottom
C83,0.1uF,C_0402,221.575,-18.3,90,bottom
C84,0.1uF,C_0402,226.3375,-37.35,90,bottom
C85,0.1uF,C_0402,197.7625,-56.4,90,bottom
C86,0.1uF,C_0402,283.25,0.75,90,bottom
C87,0.1uF,C_0402,45.125,-18.3,90,bottom
C88,4.7nF,C_0402,231.1,0.75,90,bottom
C89,4.7nF,C_0402,240.625,-18.3,90,bottom
C9,0.1uF,C_0402,24.059002,-32.064708,315,bottom
C90,4.7nF,C_0402,257.29375,-37.35,90,bottom
C91,0.1uF,C_0402,64.175,-18.3,90,bottom
C92,0.1uF,C_0402,83.225,-18.3,90,bottom
C93,0.1uF,C_0402,26.075,-18.3,90,bottom
C94,4.7nF,C_0402,250.15,0.75,90,bottom
C95,4.7nF,C_0402,264.4375,-18.3,90,bottom
C96,0.1uF,C_0402,102.275,-18.3,90,bottom
C97,0.1uF,C_0402,216.8125,-56.4,90,bottom
C98,0.1uF,C_0603,61.849999,-5.08,270,bottom
C99,0.1uF,C_0402,121.325,-18.3,90,bottom
F1,1A,Fuse_SMD1206_Reflow,9.55,-1.819,180,bottom
J2,Conn_01x04,JST-SR-4,15.63861,-11.084344,270,bottom
L1,2.2uH,L_TDK_NLV25_2.5x2.0mm,4.7625,-9.696875,0,bottom
R1,1M,R_0402,2.75,3.499999,0,bottom
R113,100R,R_0402_1005Metric,7.3625,-12.096875,270,bottom
R2,5.1k,R_0402,7.799999,0.595344,90,bottom
R3,5.1k,R_0402,10.55,0.595344,90,bottom
R30,10k,R_0402,15.573721,-32.913236,45,bottom
R35,12k,R_0402,16.280827,-32.206129,45,bottom
R4,300R,R_0402,-2.2375,-8.17,270,bottom
RGB1_A1,SK6812_Mini_E,SK6812_Mini_E_REV,19.05,-5.08,0,bottom
RGB1_A10,SK6812_Mini_E,SK6812_Mini_E_REV,190.5,-5.08,0,bottom
RGB1_A11,SK6812_Mini_E,SK6812_Mini_E_REV,209.55,-5.08,0,bottom
RGB1_A12,SK6812_Mini_E,SK6812_Mini_E_REV,228.6,-5.08,0,bottom
RGB1_A13,SK6812_Mini_E,SK6812_Mini_E_REV,247.65,-5.08,0,bottom
RGB1_A14,SK6812_Mini_E,SK6812_Mini_E_REV,257.175,-5.08,0,bottom
RGB1_A15,SK6812_Mini_E,SK6812_Mini_E_REV,266.7,-5.08,0,bottom
RGB1_A16,SK6812_Mini_E,SK6812_Mini_E_REV,0,-5.08,0,bottom
RGB1_A17,SK6812_Mini_E,SK6812_Mini_E_REV,285.75,-5.08,0,bottom
RGB1_A18,SK6812_Mini_E,SK6812_Mini_E_REV,7.14375,-43.18,0,bottom
RGB1_A19,SK6812_Mini_E,SK6812_Mini_E_REV,3.571875,-81.28,0,bottom
RGB1_A2,SK6812_Mini_E,SK6812_Mini_E_REV,38.1,-5.08,0,bottom
RGB1_A20,SK6812_Mini_E,SK6812_Mini_E_REV,33.3375,-43.18,0,bottom
RGB1_A21,SK6812_Mini_E,SK6812_Mini_E_REV,27.384375,-81.28,0,bottom
RGB1_A22,SK6812_Mini_E,SK6812_Mini_E_REV,52.3875,-43.18,0,bottom
RGB1_A23,SK6812_Mini_E,SK6812_Mini_E_REV,285.75,-43.18,0,bottom
RGB1_A24,SK6812_Mini_E,SK6812_Mini_E_REV,71.4375,-43.18,0,bottom
RGB1_A25,SK6812_Mini_E,SK6812_Mini_E_REV,254.79375,-43.18,0,bottom
RGB1_A26,SK6812_Mini_E,SK6812_Mini_E_REV,90.4875,-43.18,0,bottom
RGB1_A27,SK6812_Mini_E,SK6812_Mini_E_REV,223.8375,-43.18,0,bottom
RGB1_A28,SK6812_Mini_E,SK6812_Mini_E_REV,109.5375,-43.18,0,bottom
RGB1_A29,SK6812_Mini_E,SK6812_Mini_E_REV,204.7875,-43.18,0,bottom
RGB1_A3,SK6812_Mini_E,SK6812_Mini_E_REV,57.15,-5.08,0,bottom
RGB1_A30,SK6812_Mini_E,SK6812_Mini_E_REV,128.5875,-43.18,0,bottom
RGB1_A31,SK6812_Mini_E,SK6812_Mini_E_REV,185.7375,-43.18,0,bottom
RGB1_A32,SK6812_Mini_E,SK6812_Mini_E_REV,147.6375,-43.18,0,bottom
RGB1_A33,SK6812_Mini_E,SK6812_Mini_E_REV,166.6875,-43.18,0,bottom
RGB1_A34,SK6812_Mini_E,SK6812_Mini_E_REV,51.196875,-81.28,0,bottom
RGB1_A36,SK6812_Mini_E,SK6812_Mini_E_REV,121.44375,-81.28,0,bottom
RGB1_A38,SK6812_Mini_E,SK6812_Mini_E_REV,133.35,-81.28,0,bottom
RGB1_A4,SK6812_Mini_E,SK6812_Mini_E_REV,76.2,-5.08,0,bottom
RGB1_A40,SK6812_Mini_E,SK6812_Mini_E_REV,192.88125,-80.279999,0,bottom
RGB1_A42,SK6812_Mini_E,SK6812_Mini_E_REV,215.503125,-81.28,0,bottom
RGB1_A43,SK6812_Mini_E,SK6812_Mini_E_REV,285.75,-81.28,0,bottom
RGB1_A44,SK6812_Mini_E,SK6812_Mini_E_REV,247.65,-81.28,0,bottom
RGB1_A45,SK6812_Mini_E,SK6812_Mini_E_REV,266.7,-81.28,0,bottom
RGB1_A5,SK6812_Mini_E,SK6812_Mini_E_REV,95.25,-5.08,0,bottom
RGB1_A6,SK6812_Mini_E,SK6812_Mini_E_REV,114.3,-5.08,0,bottom
RGB1_A7,SK6812_Mini_E,SK6812_Mini_E_REV,133.35,-5.08,0,bottom
RGB1_A8,SK6812_Mini_E,SK6812_Mini_E_REV,152.4,-5.08,0,bottom
RGB1_A9,SK6812_Mini_E,SK6812_Mini_E_REV,171.45,-5.08,0,bottom
RGB1_B1,SK6812_Mini_E,SK6812_Mini_E,285.75,-24.129999,0,bottom
RGB1_B10,SK6812_Mini_E,SK6812_Mini_E,104.775,-24.129999,0,bottom
RGB1_B11,SK6812_Mini_E,SK6812_Mini_E,85.725,-24.129999,0,bottom
RGB1_B12,SK6812_Mini_E,SK6812_Mini_E,66.675,-24.129999,0,bottom
RGB1_B13,SK6812_Mini_E,SK6812_Mini_E,47.625,-24.129999,0,bottom
RGB1_B14,SK6812_Mini_E,SK6812_Mini_E,28.575,-24.129999,0,bottom
RGB1_B15,SK6812_Mini_E,SK6812_Mini_E,4.7625,-24.129999,0,bottom
RGB1_B16,SK6812_Mini_E,SK6812_Mini_E,2.38125,-62.229999,0,bottom
RGB1_B17,SK6812_Mini_E,SK6812_Mini_E,266.7,-62.229999,0,bottom
RGB1_B18,SK6812_Mini_E,SK6812_Mini_E,11.90625,-62.229999,0,bottom
RGB1_B19,SK6812_Mini_E,SK6812_Mini_E,240.50625,-62.229999,0,bottom
RGB1_B2,SK6812_Mini_E,SK6812_Mini_E,261.9375,-24.129999,0,bottom
RGB1_B20,SK6812_Mini_E,SK6812_Mini_E,23.8125,-62.229999,0,bottom
RGB1_B21,SK6812_Mini_E,SK6812_Mini_E,214.3125,-62.229999,0,bottom
RGB1_B22,SK6812_Mini_E,SK6812_Mini_E,42.8625,-62.229999,0,bottom
RGB1_B23,SK6812_Mini_E,SK6812_Mini_E,195.2625,-62.229999,0,bottom
RGB1_B24,SK6812_Mini_E,SK6812_Mini_E,61.9125,-62.229999,0,bottom
RGB1_B25,SK6812_Mini_E,SK6812_Mini_E,176.2125,-62.229999,0,bottom
RGB1_B26,SK6812_Mini_E,SK6812_Mini_E,80.9625,-62.229999,0,bottom
RGB1_B27,SK6812_Mini_E,SK6812_Mini_E,157.1625,-62.229999,0,bottom
RGB1_B28,SK6812_Mini_E,SK6812_Mini_E,100.0125,-62.229999,0,bottom
RGB1_B29,SK6812_Mini_E,SK6812_Mini_E,138.1125,-62.229999,0,bottom
RGB1_B3,SK6812_Mini_E,SK6812_Mini_E,238.125,-24.129999,0,bottom
RGB1_B30,SK6812_Mini_E,SK6812_Mini_E,119.0625,-62.229999,0,bottom
RGB1_B31,SK6812_Mini_E,SK6812_Mini_E,285.75,-62.229999,0,bottom
RGB1_B4,SK6812_Mini_E,SK6812_Mini_E,219.075,-24.129999,0,bottom
RGB1_B5,SK6812_Mini_E,SK6812_Mini_E,200.025,-24.129999,0,bottom
RGB1_B6,SK6812_Mini_E,SK6812_Mini_E,180.975,-24.129999,0,bottom
RGB1_B7,SK6812_Mini_E,SK6812_Mini_E,161.925,-24.129999,0,bottom
RGB1_B8,SK6812_Mini_E,SK6812_Mini_E,142.875,-24.129999,0,bottom
RGB1_B9,SK6812_Mini_E,SK6812_Mini_E,123.825,-24.129999,0,bottom
U10,SLSS49E-3,SLSS49E_MX_1U,0,-0.02,0,bottom
U100,SLSS49E-3,SLSS49E_MX_1U,285.75,-0.02,0,bottom
U101,SLSS49E-3,SLSS49E_MX_1U,285.75,-19.07,0,bottom
U102,SLSS49E-3,SLSS49E_MX_1U,285.75,-38.12,0,bottom
U103,SLSS49E-3,SLSS49E_MX_1U,285.75,-57.17,0,bottom
U104,SLSS49E-3,SLSS49E_MX_1U,285.75,-76.22,0,bottom
U11,SLSS49E-3,SLSS49E_MX_1.5U,4.7625,-19.07,0,bottom
U12,SLSS49E-3,SLSS49E_MX_1.75U,7.14375,-38.12,0,bottom
U14,SLSS49E-3,SLSS49E_MX_1.25U_Rotate,2.38125,-76.2,0,bottom
U15,SLSS49E-3,SLSS49E_MX_1.25U,192.88125,-76.22,0,bottom
U16,SLSS49E-3,SLSS49E_MX_1U,19.05,-0.02,0,bottom
U17,SLSS49E-3,SLSS49E_MX_1U,28.575,-19.07,0,bottom
U18,SLSS49E-3,SLSS49E_MX_1U,33.3375,-38.12,0,bottom
U19,AP2112K-3.3,SOT-23-5,38.1,-11.084344,270,bottom
U2,74HC4051,SSOP-16_4.4x5.2mm_P0.65mm,4.7625,-30.360938,180,bottom
U20,SLSS49E-3,SLSS49E_MX_1.25U_Rotate,26.19375,-76.2,0,bottom
U21,SLSS49E-3,SLSS49E_MX_1.25U_Rotate,216.69375,-76.2,0,bottom
U22,SLSS49E-3,SLSS49E_MX_1U,38.1,-0.02,0,bottom
U23,SLSS49E-3,SLSS49E_MX_1U,47.625,-19.07,0,bottom
U24,SLSS49E-3,SLSS49E_MX_1U,52.3875,-38.12,0,bottom
U25,SLSS49E-3,SLSS49E_MX_1U,42.8625,-57.17,0,bottom
U26,SLSS49E-3,SLSS49E_MX_1.25U_Rotate,50.00625,-76.2,0,bottom
U27,AT32F405KxU7-4,QFN-32-1EP_4x4mm_P0.4mm_EP2.9x2.9mm_ThermalVias,20.240625,-33.3375,45,bottom
U28,SLSS49E-3,SLSS49E_MX_1U,57.15,-0.02,0,bottom
U29,SLSS49E-3,SLSS49E_MX_1U,66.675,-19.07,0,bottom
U3,SLSS49E-3,SLSS49E_MX_2U,257.175,-0.86995,0,bottom
U30,SLSS49E-3,SLSS49E_MX_1U,71.4375,-38.12,0,bottom
U31,SLSS49E-3,SLSS49E_MX_1U,61.9125,-57.17,0,bottom
U32,74HC4051,SSOP-16_4.4x5.2mm_P0.65mm,42.8625,-30.360938,180,bottom
U33,SLSS49E-3,SLSS49E_MX_2.25U,11.90625,-58.01995,0,bottom
U34,SLSS49E-3,SLSS49E_MX_1U,76.2,-0.02,0,bottom
U35,SLSS49E-3,SLSS49E_MX_1U,85.725,-19.07,0,bottom
U36,SLSS49E-3,SLSS49E_MX_1U,90.4875,-38.12,0,bottom
U37,SLSS49E-3,SLSS49E_MX_1U,80.9625,-57.17,0,bottom
U38,74HC4051,SSOP-16_4.4x5.2mm_P0.65mm,80.9625,-30.360938,180,bottom
U4,SLSS49E-3,SLSS49E_MX_1.5U_Rotate,4.7625,-76.2,0,bottom
U40,SLSS49E-3,SLSS49E_MX_1U,95.25,-0.02,0,bottom
U41,SLSS49E-3,SLSS49E_MX_1U,104.775,-19.07,0,bottom
U42,SLSS49E-3,SLSS49E_MX_1U,109.5375,-38.12,0,bottom
U43,SLSS49E-3,SLSS49E_MX_1U,100.0125,-57.17,0,bottom
U44,SLSS49E-3,SLSS49E_MX_6.25U-ReversedStabilizers,121.44375,-75.33005,0,bottom
U45,74HC4051,SSOP-16_4.4x5.2mm_P0.65mm,119.0625,-30.360938,180,bottom
U46,SLSS49E-3,SLSS49E_MX_1U,114.3,-0.02,0,bottom
U47,SLSS49E-3,SLSS49E_MX_1U,123.825,-19.07,0,bottom
U48,SLSS49E-3,SLSS49E_MX_1U,128.5875,-38.12,0,bottom
U49,SLSS49E-3,SLSS49E_MX_1U,119.0625,-57.17,0,bottom
U5,SLSS49E-3,SLSS49E_MX_1U_Rotate,28.575,-76.2,0,bottom
U51,74HC4051,SSOP-16_4.4x5.2mm_P0.65mm,157.1625,-30.360938,180,bottom
U52,SLSS49E-3,SLSS49E_MX_1U,133.35,-0.02,0,bottom
U53,SLSS49E-3,SLSS49E_MX_1U,142.875,-19.07,0,bottom
U54,SLSS49E-3,SLSS49E_MX_1U,147.6375,-38.12,0,bottom
U55,SLSS49E-3,SLSS49E_MX_1U,138.1125,-57.17,0,bottom
U56,74HC4051,SSOP-16_4.4x5.2mm_P0.65mm,195.2625,-30.360938,180,bottom
U58,SLSS49E-3,SLSS49E_MX_1U,152.4,-0.02,0,bottom
U59,SLSS49E-3,SLSS49E_MX_1U,161.925,-19.07,0,bottom
U6,SLSS49E-3,SLSS49E_MX_1.5U_Rotate,52.3875,-76.2,0,bottom
U60,SLSS49E-3,SLSS49E_MX_1U,166.6875,-38.12,0,bottom
U61,SLSS49E-3,SLSS49E_MX_1U,157.1625,-57.17,0,bottom
U62,74HC4051,SSOP-16_4.4x5.2mm_P0.65mm,228.6,-30.360938,180,bottom
U63,AMS1117-3.3,SOT-223-3_TabPin2,57.15,-11.084344,180,bottom
U64,SLSS49E-3,SLSS49E_MX_1U,171.45,-0.02,0,bottom
U65,SLSS49E-3,SLSS49E_MX_1U,180.975,-19.07,0,bottom
U66,SLSS49E-3,SLSS49E_MX_1U,185.7375,-38.12,0,bottom
U67,SLSS49E-3,SLSS49E_MX_1U,176.2125,-57.17,0,bottom
U69,74HC4051,SSOP-16_4.4x5.2mm_P0.65mm,228.6,-49.510938,180,bottom
U7,SLSS49E-3,SLSS49E_MX_7U-ReversedStabilizers,133.35,-75.33005,0,bottom
U70,SLSS49E-3,SLSS49E_MX_1U,190.5,-0.02,0,bottom
U71,SLSS49E-3,SLSS49E_MX_1U,200.025,-19.07,0,bottom
U72,SLSS49E-3,SLSS49E_MX_1U,204.7875,-38.12,0,bottom
U73,SLSS49E-3,SLSS49E_MX_1U,195.2625,-57.17,0,bottom
U74,74HC4051,SSOP-16_4.4x5.2mm_P0.65mm,279.55875,-49.510938,180,bottom
U75,SLSS49E-3,SLSS49E_MX_1.25U,2.38125,-57.17,0,bottom
U76,SLSS49E-3,SLSS49E_MX_1U,209.55,-0.02,0,bottom
U77,SLSS49E-3,SLSS49E_MX_1U,219.075,-19.07,0,bottom
U78,SLSS49E-3,SLSS49E_MX_1U,223.8375,-38.12,0,bottom
U79,SLSS49E-3,SLSS49E_MX_1U,214.3125,-57.17,0,bottom
U8,SLSS49E-3,SLSS49E_MX_1.5U_Rotate,214.3125,-76.2,0,bottom
U80,SLSS49E-3,SLSS49E_MX_1U,23.8125,-57.17,0,bottom
U82,SLSS49E-3,SLSS49E_MX_1U,228.6,-0.02,0,bottom
U83,SLSS49E-3,SLSS49E_MX_1U,238.125,-19.07,0,bottom
U84,SLSS49E-3,SLSS49E_MX_2.25U-ReversedStabilizers,254.79375,-37.23005,0,bottom
U85,TPS63001,Texas_DRC0010J_ThermalVias,4.7625,-13.096875,270,bottom
U88,SLSS49E-3,SLSS49E_MX_1U,247.65,-0.02,0,bottom
U89,SLSS49E-3,SLSS49E_MX_1.5U,261.9375,-19.07,0,bottom
U91,SLSS49E-3,SLSS49E_MX_1.75U,240.50625,-57.17,0,bottom
U92,SLSS49E-3,SLSS49E_MX_1U,247.65,-76.22,0,bottom
U94,SLSS49E-3,SLSS49E_MX_1U,266.7,-0.02,0,bottom
U97,SLSS49E-3,SLSS49E_MX_1U,266.7,-57.17,0,bottom
U98,SLSS49E-3,SLSS49E_MX_1U,266.7,-76.22,0,bottom
USB1,HRO-TYPE-C-31-M-12,HRO-TYPE-C-31-M-12-Assembly,9.05,5.071,180,bottom
Y1,12Mhz (15p),Resonator_SMD_Murata_CSTxExxV-3Pin_3.0x1.1mm,25.048951,-34.751714,315,bottom
